{
  "source": "iShares MSCI ACWI ETF Holdings (Apr 24, 2026)",
  "total_holdings": 1673,
  "total_weight": 99.14000000000253,
  "regional_big_schema": {
    "North Am.": 66.31000000000023,
    "Europe dev.": 11.010000000000002,
    "China": 2.369999999999993,
    "UK": 3.249999999999993,
    "Japan": 4.969999999999977,
    "Latin Am.": 0.8800000000000004,
    "Africa/ME": 1.1400000000000003,
    "Otros": 9.20999999999999
  },
  "otros_breakdown": {
    "Taiwan": 2.9299999999999913,
    "Korea (South": 2.159999999999997,
    "Australia": 1.4800000000000006,
    "Hong Kong": 0.4300000000000001,
    "India": 1.3000000000000007,
    "Singapore": 0.3400000000000001,
    "European Union": 0.04,
    "Hungary": 0.04,
    "Thailand": 0.11999999999999998,
    "Poland": 0.10999999999999999,
    "Indonesia": 0.060000000000000005,
    "Malaysia": 0.09999999999999999,
    "New Zealand": 0.03,
    "Greece": 0.04,
    "Czech Republic": 0.02,
    "Philippines": 0.01
  },
  "regional_raw": {
    "United States": 63.21000000000024,
    "Taiwan": 2.9299999999999913,
    "Korea (South)": 2.159999999999997,
    "Netherlands": 1.1400000000000003,
    "China": 2.369999999999993,
    "United Kingdom": 3.249999999999993,
    "Switzerland": 2.04,
    "Canada": 3.0999999999999943,
    "Germany": 2.000000000000001,
    "Australia": 1.4800000000000006,
    "Japan": 4.969999999999977,
    "France": 2.2399999999999975,
    "Spain": 0.8400000000000003,
    "Denmark": 0.3700000000000001,
    "Hong Kong": 0.4300000000000001,
    "Italy": 0.7100000000000002,
    "India": 1.3000000000000007,
    "Singapore": 0.3400000000000001,
    "Sweden": 0.8100000000000004,
    "Belgium": 0.22000000000000003,
    "Brazil": 0.5600000000000003,
    "Finland": 0.28,
    "Saudi Arabia": 0.2700000000000001,
    "South Africa": 0.37000000000000005,
    "Mexico": 0.21000000000000005,
    "European Union": 0.04,
    "Austria": 0.08,
    "Israel": 0.22000000000000006,
    "Hungary": 0.04,
    "Kuwait": 0.05,
    "Thailand": 0.11999999999999998,
    "Norway": 0.15000000000000002,
    "Poland": 0.10999999999999999,
    "Ireland": 0.07999999999999999,
    "United Arab Emirates": 0.12999999999999998,
    "Qatar": 0.05,
    "Peru": 0.05,
    "Indonesia": 0.060000000000000005,
    "Malaysia": 0.09999999999999999,
    "Portugal": 0.05,
    "New Zealand": 0.03,
    "Colombia": 0.01,
    "Chile": 0.05,
    "Greece": 0.04,
    "Turkey": 0.04,
    "Czech Republic": 0.02,
    "Philippines": 0.01,
    "Egypt": 0.01
  },
  "sectors": {
    "Information Technology": 28.890000000000086,
    "Consumer Discretionary": 9.299999999999974,
    "Communication": 8.549999999999986,
    "Financials": 15.97999999999992,
    "Health Care": 7.979999999999984,
    "Energy": 3.969999999999993,
    "Consumer Staples": 4.9299999999999775,
    "Industrials": 11.039999999999932,
    "Materials": 3.8599999999999874,
    "Utilities": 2.6199999999999934,
    "Real Estate": 1.690000000000001,
    "Cash and/or Derivatives": 0.33000000000000007
  },
  "asset_class": {
    "Equity": 98.81000000000249,
    "Money Market": 0.11,
    "Cash": 0.20000000000000007,
    "Cash Collateral and Margins": 0.02
  }
}